{"cameraMode":{"drawMode":0,"name":"Shaded","section":"Shading Mode"},"sceneLighting":true,"audioPlay":false,"sceneViewState":{"showFog":true,"showMaterialUpdate":false,"showSkybox":true,"showFlares":true,"showImageEffects":true,"showParticleSystems":true},"in2DMode":false,"pivot":{"x":0.6622638702392578,"y":5.717318058013916,"z":-1.5562114715576172},"rotation":{"x":-0.019247934222221376,"y":0.9798484444618225,"z":-0.1181548610329628,"w":-0.15989388525485993},"size":22.964139938354493,"orthographic":false}