{"cameraMode":{"drawMode":0,"name":"Shaded","section":"Shading Mode"},"sceneLighting":true,"audioPlay":false,"sceneViewState":{"showFog":true,"showMaterialUpdate":false,"showSkybox":true,"showFlares":true,"showImageEffects":true,"showParticleSystems":true},"in2DMode":false,"pivot":{"x":-11.301725387573243,"y":0.2037968635559082,"z":2.4812731742858888},"rotation":{"x":0.044404856860637668,"y":-0.9392713308334351,"z":0.1333335041999817,"w":0.31308111548423769},"size":10.23802375793457,"orthographic":false}