{"cameraMode":{"drawMode":0,"name":"Shaded","section":"Shading Mode"},"sceneLighting":true,"audioPlay":false,"sceneViewState":{"showFog":true,"showMaterialUpdate":false,"showSkybox":true,"showFlares":true,"showImageEffects":true,"showParticleSystems":true},"in2DMode":false,"pivot":{"x":-1.8140133619308472,"y":1.1368399858474732,"z":-0.17679935693740846},"rotation":{"x":-0.006370164919644594,"y":-0.7948883175849915,"z":-0.008346558548510075,"w":0.6066648960113525},"size":3.9007670879364015,"orthographic":false}