{"cameraMode":{"drawMode":0,"name":"Shaded","section":"Shading Mode"},"sceneLighting":false,"audioPlay":false,"sceneViewState":{"showFog":true,"showMaterialUpdate":false,"showSkybox":false,"showFlares":true,"showImageEffects":true,"showParticleSystems":true},"in2DMode":false,"pivot":{"x":-1.1397912502288819,"y":0.45757392048835757,"z":-0.8353919982910156},"rotation":{"x":-0.06629088521003723,"y":0.9275214076042175,"z":-0.19856800138950349,"w":-0.3096456527709961},"size":6.0452351570129398,"orthographic":false}