{"cameraMode":{"drawMode":0,"name":"Shaded","section":"Shading Mode"},"sceneLighting":true,"audioPlay":false,"sceneViewState":{"showFog":true,"showMaterialUpdate":false,"showSkybox":true,"showFlares":true,"showImageEffects":true,"showParticleSystems":true},"in2DMode":false,"pivot":{"x":0.10022574663162232,"y":1.3481156826019288,"z":0.17527389526367188},"rotation":{"x":0.014535443857312203,"y":0.969853937625885,"z":-0.05971790850162506,"w":0.23580898344516755},"size":2.8131299018859865,"orthographic":false}