{"cameraMode":{"drawMode":0,"name":"Shaded","section":"Shading Mode"},"sceneLighting":true,"audioPlay":false,"sceneViewState":{"showFog":true,"showMaterialUpdate":false,"showSkybox":true,"showFlares":true,"showImageEffects":true,"showParticleSystems":true},"in2DMode":false,"pivot":{"x":-0.5536185503005981,"y":3.267892837524414,"z":0.16178448498249055},"rotation":{"x":0.0020275793503969909,"y":-0.8927333354949951,"z":0.004017427563667297,"w":0.4505630433559418},"size":5.976888656616211,"orthographic":false}