{"cameraMode":{"drawMode":0,"name":"Shaded","section":"Shading Mode"},"sceneLighting":false,"audioPlay":false,"sceneViewState":{"showFog":true,"showMaterialUpdate":false,"showSkybox":false,"showFlares":true,"showImageEffects":true,"showParticleSystems":true},"in2DMode":false,"pivot":{"x":0.25922656059265139,"y":1.8233801126480103,"z":0.018297288566827775},"rotation":{"x":-0.0003643682866822928,"y":-0.9987912178039551,"z":0.00749118160456419,"w":-0.048578571528196338},"size":2.878443717956543,"orthographic":false}