{"cameraMode":{"drawMode":0,"name":"Shaded","section":"Shading Mode"},"sceneLighting":false,"audioPlay":false,"sceneViewState":{"showFog":true,"showMaterialUpdate":false,"showSkybox":false,"showFlares":true,"showImageEffects":true,"showParticleSystems":true},"in2DMode":false,"pivot":{"x":-0.13367509841918946,"y":1.0899627208709717,"z":-0.3713974356651306},"rotation":{"x":0.007123888470232487,"y":-0.8493477702140808,"z":0.011466994881629944,"w":0.5276610851287842},"size":1.8716731071472169,"orthographic":false}