{"cameraMode":{"drawMode":0,"name":"Shaded","section":"Shading Mode"},"sceneLighting":false,"audioPlay":false,"sceneViewState":{"showFog":true,"showMaterialUpdate":false,"showSkybox":false,"showFlares":true,"showImageEffects":true,"showParticleSystems":true},"in2DMode":false,"pivot":{"x":-0.2160000056028366,"y":2.8410000801086427,"z":2.98799991607666},"rotation":{"x":0.014535443857312203,"y":0.969853937625885,"z":-0.05971790850162506,"w":0.23580898344516755},"size":4.8317790031433109,"orthographic":false}