{"cameraMode":{"drawMode":0,"name":"Shaded","section":"Shading Mode"},"sceneLighting":true,"audioPlay":false,"sceneViewState":{"showFog":true,"showMaterialUpdate":false,"showSkybox":true,"showFlares":true,"showImageEffects":true,"showParticleSystems":true},"in2DMode":false,"pivot":{"x":0.2619735300540924,"y":0.7171204090118408,"z":-0.14358115196228028},"rotation":{"x":-0.228289395570755,"y":-0.07393787056207657,"z":0.017407074570655824,"w":-0.970625638961792},"size":7.04985237121582,"orthographic":false}