{"cameraMode":{"drawMode":0,"name":"Shaded","section":"Shading Mode"},"sceneLighting":true,"audioPlay":false,"sceneViewState":{"showFog":true,"showMaterialUpdate":false,"showSkybox":true,"showFlares":true,"showImageEffects":true,"showParticleSystems":true},"in2DMode":false,"pivot":{"x":-11.395493507385254,"y":1.5975167751312256,"z":-2.380239486694336},"rotation":{"x":0.018154088407754899,"y":0.9816135168075562,"z":-0.12284453958272934,"w":0.14496399462223054},"size":7.176485061645508,"orthographic":false}