{"cameraMode":{"drawMode":0,"name":"Shaded","section":"Shading Mode"},"sceneLighting":true,"audioPlay":false,"sceneViewState":{"showFog":true,"showMaterialUpdate":false,"showSkybox":true,"showFlares":true,"showImageEffects":true,"showParticleSystems":true},"in2DMode":false,"pivot":{"x":-11.403614044189454,"y":1.5458340644836426,"z":-0.5477170944213867},"rotation":{"x":-0.27105921506881716,"y":0.0062270271591842178,"z":-0.0017632280942052603,"w":-0.9625409841537476},"size":6.943598747253418,"orthographic":false}