{"cameraMode":{"drawMode":0,"name":"Shaded","section":"Shading Mode"},"sceneLighting":true,"audioPlay":false,"sceneViewState":{"showFog":true,"showMaterialUpdate":false,"showSkybox":true,"showFlares":true,"showImageEffects":true,"showParticleSystems":true},"in2DMode":false,"pivot":{"x":9.505718231201172,"y":84.28761291503906,"z":-23.340316772460939},"rotation":{"x":0.013114053755998612,"y":-0.9867730140686035,"z":0.12049050629138947,"w":0.10765303671360016},"size":479.4339599609375,"orthographic":false}