{"cameraMode":{"drawMode":0,"name":"Shaded","section":"Shading Mode"},"sceneLighting":false,"audioPlay":false,"sceneViewState":{"showFog":true,"showMaterialUpdate":false,"showSkybox":false,"showFlares":true,"showImageEffects":true,"showParticleSystems":true},"in2DMode":false,"pivot":{"x":-2.384185791015625e-7,"y":1.5418994426727296,"z":0.38416099548339846},"rotation":{"x":0.04985404387116432,"y":-0.8089324831962586,"z":0.06933284550905228,"w":0.5816664099693298},"size":7.815378189086914,"orthographic":false}