{"cameraMode":{"drawMode":0,"name":"Shaded","section":"Shading Mode"},"sceneLighting":true,"audioPlay":false,"sceneViewState":{"showFog":true,"showMaterialUpdate":false,"showSkybox":true,"showFlares":true,"showImageEffects":true,"showParticleSystems":true},"in2DMode":false,"pivot":{"x":-0.4468383193016052,"y":1.4179794788360596,"z":0.10637474060058594},"rotation":{"x":0.04145749285817146,"y":-0.954842746257782,"z":0.16046392917633058,"w":0.24659281969070435},"size":2.9261951446533205,"orthographic":false}