{"cameraMode":{"drawMode":0,"name":"Shaded","section":"Shading Mode"},"sceneLighting":false,"audioPlay":false,"sceneViewState":{"showFog":true,"showMaterialUpdate":false,"showSkybox":false,"showFlares":true,"showImageEffects":true,"showParticleSystems":true},"in2DMode":false,"pivot":{"x":0.1804656684398651,"y":1.0513451099395753,"z":-0.12820649147033692},"rotation":{"x":-0.009880954399704934,"y":-0.983524739742279,"z":0.17136214673519135,"w":-0.05671382695436478},"size":2.239180088043213,"orthographic":false}