{"cameraMode":{"drawMode":0,"name":"Shaded","section":"Shading Mode"},"sceneLighting":true,"audioPlay":false,"sceneViewState":{"showFog":true,"showMaterialUpdate":false,"showSkybox":true,"showFlares":true,"showImageEffects":true,"showParticleSystems":true},"in2DMode":false,"pivot":{"x":-5.247868537902832,"y":2.3797359466552736,"z":-2.1003925800323488},"rotation":{"x":-0.0012209181440994144,"y":0.9970539212226868,"z":-0.016454262658953668,"w":-0.07490832358598709},"size":9.819902420043946,"orthographic":false}