{"cameraMode":{"drawMode":0,"name":"Shaded","section":"Shading Mode"},"sceneLighting":true,"audioPlay":false,"sceneViewState":{"showFog":true,"showMaterialUpdate":false,"showSkybox":true,"showFlares":true,"showImageEffects":true,"showParticleSystems":true},"in2DMode":false,"pivot":{"x":3.269055128097534,"y":-10.314106941223145,"z":6.041275501251221},"rotation":{"x":0.4907605051994324,"y":0.10958382487297058,"z":-0.062394220381975177,"w":0.8621209263801575},"size":20.94049835205078,"orthographic":false}