{"cameraMode":{"drawMode":0,"name":"Shaded","section":"Shading Mode"},"sceneLighting":false,"audioPlay":false,"sceneViewState":{"showFog":true,"showMaterialUpdate":false,"showSkybox":false,"showFlares":true,"showImageEffects":true,"showParticleSystems":true},"in2DMode":false,"pivot":{"x":-0.08438467979431153,"y":1.5884082317352296,"z":0.4671642780303955},"rotation":{"x":-0.001708346069790423,"y":-0.9251280426979065,"z":-0.004163063131272793,"w":0.37962859869003298},"size":4.769476890563965,"orthographic":false}